{
    "Items": [
        {
            "objectID": "Ground",
            "position": {
                "x": 0.79837566614151,
                "y": -2.0848402976989748,
                "z": 0.0
            },
            "rotation": {
                "x": 0.0,
                "y": 0.0,
                "z": 0.0,
                "w": 1.0
            },
            "scale": {
                "x": 1.0,
                "y": 1.0,
                "z": 1.0
            }
        },
        {
            "objectID": "Ground",
            "position": {
                "x": 2.230142831802368,
                "y": 0.40191349387168887,
                "z": 0.0
            },
            "rotation": {
                "x": 0.0,
                "y": 0.0,
                "z": 0.0,
                "w": 1.0
            },
            "scale": {
                "x": 1.0,
                "y": 1.0,
                "z": 1.0
            }
        },
        {
            "objectID": "Ground",
            "position": {
                "x": -0.15613633394241334,
                "y": 0.5526250600814819,
                "z": 0.0
            },
            "rotation": {
                "x": 0.0,
                "y": 0.0,
                "z": 0.0,
                "w": 1.0
            },
            "scale": {
                "x": 1.0,
                "y": 1.0,
                "z": 1.0
            }
        },
        {
            "objectID": "Win",
            "position": {
                "x": 0.8486120700836182,
                "y": -0.6028357744216919,
                "z": 0.0
            },
            "rotation": {
                "x": 0.0,
                "y": 0.0,
                "z": 0.0,
                "w": 1.0
            },
            "scale": {
                "x": 1.0,
                "y": 1.0,
                "z": 1.0
            }
        }
    ]
}